,Title,Price,Year,Distance passed,Fuel Type,Engine Volume,Type,Power,Gear Box
1,Mitsubishi ASX 1.8 DID 4x4,N/A,N/A,N/A,N/A,N/A,N/A,N/A,N/A
2,Mitsubishi Outlander 2.2 Di-D INSTYLE 4x4,N/A,N/A,N/A,N/A,N/A,N/A,N/A,N/A
3,Mitsubishi Outlander 2.0D 4X4 SVAJCARSKA,5.950 €,2007. | ,153.000 km | ,Dizel | ,"1968 cm3, ","Džip/SUV, ","103kW (140KS), ","Manuelni 6 brzina, "
4,Mitsubishi Outlander 2.0 16V metan,2.400 €,2004. | ,232.000 km | ,Metan CNG | ,"1987 cm3, ","Džip/SUV, ","100kW (136KS), ","Manuelni 5 brzina, "
5,Mitsubishi Lancer 2.0 D,6.600 €,2010. | ,200.000 km | ,Dizel | ,"1968 cm3, ","Hečbek, ","103kW (140KS), ","Manuelni 6 brzina, "
6,Mitsubishi Colt 1.5 DISEL SVAJCARSKA,1.999 €,2007. | ,163.967 km | ,Dizel | ,"1493 cm3, ","Limuzina, ","70kW (95KS), ","Manuelni 5 brzina, "
7,Mitsubishi Eclipse 1.5 Intense 4WD CVT,N/A,2019. | ,0 km | ,Benzin | ,"1499 cm3, ","Džip/SUV, ","120kW (163KS), ","Automatski menjač, "
8,Mitsubishi Outlander 2.0 b,2.999 €,2004. | ,158.123 km | ,Benzin | ,"1996 cm3, ","Džip/SUV, ","100kW (136KS), ","Manuelni 6 brzina, "
9,Mitsubishi Outlander 2.0 tdi,6.999 €,2007. | ,215.586 km | ,Dizel | ,"1968 cm3, ","Džip/SUV, ","103kW (140KS), ","Manuelni 6 brzina, "
10,Mitsubishi Colt 1.5 DID,2.250 €,2004. | ,165.000 km | ,Dizel | ,"1493 cm3, ","Hečbek, ","70kW (95KS), ","Manuelni 5 brzina, "
11,Mitsubishi Outlander RATA 75e/4X4/7SED,7.199 €,2007. | ,167.382 km | ,Dizel | ,"1968 cm3, ","Džip/SUV, ","103kW (140KS), ","Manuelni 6 brzina, "
12,Mitsubishi Eclipse 1.5 Intense 4WD CVT,27.740 €,2019. | ,0 km | ,Benzin | ,"1499 cm3, ","Džip/SUV, ","120kW (163KS), ","Automatski menjač, "
13,Mitsubishi Outlander 2.0TDI E X T R A,6.499 €,2008. | ,187.357 km | ,Dizel | ,"1968 cm3, ","Džip/SUV, ","103kW (140KS), ","Manuelni 6 brzina, "
14,Mitsubishi Space Star ,500 €,2001. | ,200.000 km | ,Benzin | ,"1300 cm3, ","Monovolumen (MiniVan), ","60kW (82KS), ","Manuelni 5 brzina, "
15,Mitsubishi Outlander 2.0 DiD,8.999 €,2010. | ,212.404 km | ,Dizel | ,"1998 cm3, ","Džip/SUV, ","103kW (140KS), ","Manuelni 6 brzina, "
16,Mitsubishi Pajero 2.5 TD,1.100 €,1991. | ,232.000 km | ,Dizel | ,"2477 cm3, ","Džip/SUV, ","70kW (95KS), ","Manuelni 5 brzina, "
17,Mitsubishi ASX 4x4 Švajcarska,8.490 €,2011. | ,183.000 km | ,Dizel | ,"1790 cm3, ","Džip/SUV, ","110kW (150KS), ","Manuelni 6 brzina, "
18,Mitsubishi Pajero Pinin 1.8 GDI,3.250 €,2001. | ,196.000 km | ,Benzin | ,"1800 cm3, ","Džip/SUV, ","1kW (1KS), ","Manuelni 5 brzina, "
19,Mitsubishi L200 ,9.999 €,2007. | ,225.868 km | ,Dizel | ,"2500 cm3, ","Pickup, ","100kW (136KS), ","Manuelni 6 brzina, "
20,Mitsubishi Colt 1.5 CZT,3.200 €,2005. | ,153.215 km | ,Benzin | ,"1468 cm3, ","Hečbek, ","110kW (150KS), ","Manuelni 5 brzina, "
21,Mitsubishi ASX ,8.300 €,2011. | ,150.000 km | ,Benzin + Gas (TNG) | ,"1590 cm3, ","Džip/SUV, ","86kW (117KS), ","Manuelni 5 brzina, "
22,Mitsubishi Colt 1.5 D,3.300 €,2005. | ,182.526 km | ,Benzin | ,"1493 cm3, ","Hečbek, ","70kW (95KS), ","Manuelni 5 brzina, "
23,Mitsubishi ASX 1.8 DID,8.490 €,2011. | ,152.465 km | ,Dizel | ,"1798 cm3, ","Džip/SUV, ","110kW (150KS), ","Manuelni 6 brzina, "
24,Mitsubishi Outlander 2.0Did V l A S N I K,7.550 €,2007. | ,165.000 km | ,Dizel | ,"2000 cm3, ","Džip/SUV, ","102kW (139KS), ","Manuelni 6 brzina, "
25,Mitsubishi ASX 1.8 Did 4x4 NOV,8.450 €,2011. | ,171.000 km | ,Dizel | ,"1798 cm3, ","Džip/SUV, ","110kW (150KS), ","Manuelni 6 brzina, "
26,Mitsubishi Space Star ,1.600 €,2001. | ,250.000 km | ,Dizel | ,"1900 cm3, ","Monovolumen (MiniVan), ","75kW (102KS), ","Manuelni 5 brzina, "
27,Mitsubishi ASX 1.8 DID 4x4,8.850 €,2011. | ,152.511 km | ,Dizel | ,"1798 cm3, ","Džip/SUV, ","110kW (150KS), ","Manuelni 6 brzina, "
28,Mitsubishi Outlander 2.2 DID,7.900 €,2009. | ,181.504 km | ,Dizel | ,"2179 cm3, ","Džip/SUV, ","115kW (156KS), ","Manuelni 6 brzina, "
29,Mitsubishi Pajero 3.2 DI-D,N/A,N/A,N/A,N/A,N/A,N/A,N/A,N/A
30,Mitsubishi Outlander 2.2 Di-D INSTYLE 4x4,N/A,N/A,N/A,N/A,N/A,N/A,N/A,N/A
31,Mitsubishi Grandis 2.0did,2.799 €,2007. | ,250.000 km | ,Dizel | ,"1900 cm3, ","Monovolumen (MiniVan), ","103kW (140KS), ","Manuelni 5 brzina, "
32,Mitsubishi Pajero S P O R T,5.990 €,2005. | ,189.670 km | ,Dizel | ,"2498 cm3, ","Džip/SUV, ","85kW (116KS), ","Manuelni 5 brzina, "
33,Mitsubishi Outlander 2.2 Di-D INSTYLE 4x4,12.800 €,2014. | ,180.500 km | ,Dizel | ,"2268 cm3, ","Džip/SUV, ","110kW (150KS), ","Automatski menjač, "
34,Mitsubishi Colt 1.2 B,2.150 €,2005. | ,128.000 km | ,Benzin | ,"1124 cm3, ","Monovolumen (MiniVan), ","55kW (75KS), ","Manuelni 5 brzina, "
35,Mitsubishi Eclipse 1.5 Invite plus CVT,23.790 €,2018. | ,0 km | ,Benzin | ,"1499 cm3, ","Džip/SUV, ","120kW (163KS), ","Automatski menjač, "
36,Mitsubishi Space Star 1.6 i,1.699 €,2002. | ,240.000 km | ,Benzin | ,"1580 cm3, ","Monovolumen (MiniVan), ","72kW (98KS), ","Manuelni 5 brzina, "
37,Mitsubishi Colt 1.3,2.100 €,2004. | ,226.000 km | ,Benzin | ,"1332 cm3, ","Monovolumen (MiniVan), ","70kW (95KS), ","Manuelni 5 brzina, "
38,Mitsubishi Outlander 2.0 16v 4x4,4.999 €,2007. | ,114.185 km | ,Benzin + Gas (TNG) | ,"2000 cm3, ","Džip/SUV, ","95kW (129KS), ","Manuelni 5 brzina, "
39,Mitsubishi Colt 1.3 sportmotion,2.550 €,2007. | ,173.000 km | ,Benzin | ,"1298 cm3, ","Limuzina, ","70kW (95KS), ","Manuelni 5 brzina, "
40,Mitsubishi Eclipse ,4.200 €,2003. | ,104.070 km | ,Benzin | ,"2398 cm3, ","Kupe, ","104kW (141KS), ","Automatski menjač, "
41,Mitsubishi Outlander ,6.800 €,2007. | ,236.719 km | ,Dizel | ,"1968 cm3, ","Džip/SUV, ","103kW (140KS), ","Manuelni 6 brzina, "
42,Mitsubishi Colt 1.5 did,2.799 €,2007. | ,160.000 km | ,Dizel | ,"1499 cm3, ","Hečbek, ","55kW (75KS), ","Manuelni 5 brzina, "
43,Mitsubishi Colt ,2.300 €,2004. | ,200.000 km | ,Benzin | ,"1300 cm3, ","Monovolumen (MiniVan), ","70kW (95KS), ","Manuelni 5 brzina, "
44,Mitsubishi Lancer ,8.000 €,2008. | ,294.000 km | ,Dizel | ,"1968 cm3, ","Limuzina, ","111kW (151KS), ","Manuelni 6 brzina, "
45,Mitsubishi Colt 1.6 GLI,1.650 €,2002. | ,160.000 km | ,Benzin | ,"1599 cm3, ","Hečbek, ","80kW (109KS), ","Manuelni 5 brzina, "
46,Mitsubishi Pajero Pinin 2.0GDI 4x4,3.500 €,2001. | ,166.210 km | ,Benzin | ,"1998 cm3, ","Džip/SUV, ","95kW (129KS), ","Manuelni 5 brzina, "
47,Mitsubishi Lancer 1.8,9.000 €,2009. | ,117.000 km | ,Benzin | ,"1798 cm3, ","Limuzina, ","105kW (143KS), ","Manuelni 5 brzina, "
48,Mitsubishi Outlander ,15.690 €,2014. | ,179.000 km | ,Hibridni pogon | ,"1998 cm3, ","Džip/SUV, ","89kW (121KS), ","Automatski menjač, "
49,Mitsubishi Grandis 2.0 DI-D INSTYLE,4.700 €,2006. | ,196.274 km | ,Dizel | ,"1968 cm3, ","Monovolumen (MiniVan), ","100kW (136KS), ","Manuelni 6 brzina, "
50,Mitsubishi ASX ,8.800 €,2010. | ,143.500 km | ,Dizel | ,"1800 cm3, ","Džip/SUV, ","110kW (150KS), ","Manuelni 6 brzina, "
51,Mitsubishi Pajero 28td,1.900 €,1991. | ,220.000 km | ,Dizel | ,"2800 cm3, ","Džip/SUV, ","86kW (117KS), ","Manuelni 4 brzine, "
52,Mitsubishi Carisma ,950 €,1999. | ,237.800 km | ,Benzin | ,"1500 cm3, ","Hečbek, ","55kW (75KS), ","Manuelni 5 brzina, "
53,Mitsubishi Space Star ,1.600 €,2002. | ,219.471 km | ,Benzin + Gas (TNG) | ,"1300 cm3, ","Monovolumen (MiniVan), ","60kW (82KS), ","Manuelni 5 brzina, "
54,Mitsubishi Galant ,1.100 €,1993. | ,278.300 km | ,Dizel | ,"1998 cm3, ","Limuzina, ","66kW (90KS), ","Manuelni 5 brzina, "
55,Mitsubishi L200 2.4 DC INSTYLE AT,21.900 €,2015. | ,88.000 km | ,Dizel | ,"2442 cm3, ","Džip/SUV, ","133kW (181KS), ","Automatski menjač, "
56,Mitsubishi ASX 1.8 DID 4x4,N/A,N/A,N/A,N/A,N/A,N/A,N/A,N/A
57,Mitsubishi Pajero 3.2 DI-D,N/A,N/A,N/A,N/A,N/A,N/A,N/A,N/A
58,Mitsubishi Lancer 2.0TDI,7.333 €,2010. | ,187.450 km | ,Dizel | ,"1989 cm3, ","Hečbek, ","103kW (140KS), ","Manuelni 6 brzina, "
59,Mitsubishi Space Star ,1.400 €,2002. | ,540.000 km | ,Metan CNG | ,"1560 cm3, ","Monovolumen (MiniVan), ","72kW (98KS), ","Manuelni 5 brzina, "
60,Mitsubishi Carisma 1.6 16v,1.000 €,2000. | ,235.000 km | ,Benzin | ,"1596 cm3, ","Limuzina, ","74kW (101KS), ","Manuelni 5 brzina, "
61,"Mitsubishi Space Star 1,8 16V",1.300 €,2001. | ,169.000 km | ,Benzin | ,"1800 cm3, ","Monovolumen (MiniVan), ","90kW (122KS), ","Manuelni 5 brzina, "
62,Mitsubishi Pajero 3.2 Did,11.000 €,2008. | ,200.000 km | ,Dizel | ,"3200 cm3, ","Džip/SUV, ","147kW (200KS), ","Automatski menjač, "
63,Mitsubishi Carisma ,1.350 €,1997. | ,212.000 km | ,Benzin | ,"1597 cm3, ","Limuzina, ","66kW (90KS), ","Manuelni 5 brzina, "
64,Mitsubishi Lancer 1.6 invite,8.100 €,2011. | ,157.000 km | ,Benzin | ,"1598 cm3, ","Limuzina, ","87kW (118KS), ","Manuelni 5 brzina, "
65,Mitsubishi Colt 1.1 INSPORT,3.550 €,2008. | ,122.000 km | ,Benzin + Gas (TNG) | ,"1124 cm3, ","Hečbek, ","55kW (75KS), ","Manuelni 5 brzina, "
66,Mitsubishi Space Star 1.9 did,1.300 €,2001. | ,251.238 km | ,Dizel | ,"1870 cm3, ","Monovolumen (MiniVan), ","75kW (102KS), ","Manuelni 5 brzina, "
67,Mitsubishi Lancer ,7.000 €,2012. | ,141.000 km | ,Benzin | ,"1600 cm3, ","Limuzina, ","86kW (117KS), ","Manuelni 5 brzina, "
68,"Mitsubishi Lancer 1,5 /REG DUGO",599 €,1992. | ,203.000 km | ,Benzin | ,"1500 cm3, ","Limuzina, ","46kW (63KS), ","Manuelni 5 brzina, "
69,Mitsubishi Pajero 2.5 TDI,5.500 €,2003. | ,248.000 km | ,Dizel | ,"2477 cm3, ","Džip/SUV, ","85kW (116KS), ","Manuelni 5 brzina, "
70,Mitsubishi Pajero 3.2 DID Manuelni,5.800 €,2000. | ,300.000 km | ,Dizel | ,"3200 cm3, ","Džip/SUV, ","120kW (163KS), ","Manuelni 5 brzina, "
71,Mitsubishi Colt no.vo...no.voo,2.499 €,2008. | ,90.000 km | ,Benzin | ,"1125 cm3, ","Hečbek, ","55kW (75KS), ","Manuelni 5 brzina, "
72,Mitsubishi Pajero did,Po dogovoru,2001. | ,217.000 km | ,Dizel | ,"3197 cm3, ","Džip/SUV, ","124kW (169KS), ","Automatski menjač, "
73,Mitsubishi Space Star 1.3,1.200 €,2001. | ,355.000 km | ,Benzin + Gas (TNG) | ,"1300 cm3, ","Monovolumen (MiniVan), ","60kW (82KS), ","Manuelni 5 brzina, "
74,Mitsubishi Outlander ,17.000 €,2014. | ,150.000 km | ,Dizel | ,"2200 cm3, ","Džip/SUV, ","110kW (150KS), ","Manuelni 5 brzina, "
75,Mitsubishi Carisma 1.9 DI-D,1.900 €,2002. | ,222.000 km | ,Dizel | ,"1870 cm3, ","Hečbek, ","75kW (102KS), ","Manuelni 5 brzina, "
76,Mitsubishi Pajero 3.0 V6,1.350 €,1997. | ,440.000 km | ,Benzin | ,"2976 cm3, ","Džip/SUV, ","133kW (181KS), ","Manuelni 5 brzina, "
77,Mitsubishi L200 ,3.600 €,2003. | ,184.645 km | ,Dizel | ,"2477 cm3, ","Pickup, ","66kW (90KS), ","Manuelni 5 brzina, "
78,Mitsubishi Pajero ,6.500 €,2006. | ,238.558 km | ,Dizel | ,"3200 cm3, ","Džip/SUV, ","125kW (170KS), ","Automatski menjač, "
79,Mitsubishi Colt ,3.299 €,2013. | ,76.000 km | ,Benzin | ,"1124 cm3, ","Hečbek, ","55kW (75KS), ","Manuelni 5 brzina, "
80,Mitsubishi Colt 1.1,2.000 €,2005. | ,220.000 km | ,Benzin | ,"1150 cm3, ","Hečbek, ","55kW (75KS), ","Manuelni 5 brzina, "
81,Mitsubishi Outlander ,3.500 €,2003. | ,230.000 km | ,Benzin | ,"1999 cm3, ","Džip/SUV, ","100kW (136KS), ","Manuelni 5 brzina, "
82,Mitsubishi Colt ,2.200 €,2004. | ,198.000 km | ,Benzin | ,"1124 cm3, ","Monovolumen (MiniVan), ","55kW (75KS), ","Manuelni 5 brzina, "
83,Mitsubishi Pajero 3.2 DI-D,N/A,N/A,N/A,N/A,N/A,N/A,N/A,N/A
84,Mitsubishi Outlander 2.2 Di-D INSTYLE 4x4,N/A,N/A,N/A,N/A,N/A,N/A,N/A,N/A
85,Mitsubishi Outlander 2.0 DID,7.000 €,2007. | ,270.000 km | ,Dizel | ,"1998 cm3, ","Džip/SUV, ","103kW (140KS), ","Manuelni 6 brzina, "
86,"Mitsubishi Outlander 4x4,7sed,multimedija",7.100 €,2007. | ,245.000 km | ,Dizel | ,"1969 cm3, ","Džip/SUV, ","103kW (140KS), ","Manuelni 6 brzina, "
87,Mitsubishi Space Star DID,2.000 €,2002. | ,140.000 km | ,Dizel | ,"1870 cm3, ","Monovolumen (MiniVan), ","75kW (102KS), ","Manuelni 5 brzina, "
88,Mitsubishi Outlander ,18.000 €,2015. | ,27.500 km | ,Dizel | ,"2200 cm3, ","Džip/SUV, ","110kW (150KS), ","Automatski menjač, "
89,Mitsubishi Pajero D-ID,4.000 €,2001. | ,189.000 km | ,Dizel | ,"3200 cm3, ","Džip/SUV, ","119kW (162KS), ","Automatski menjač, "
90,Mitsubishi Carisma 1.6 I,1.250 €,2000. | ,138.000 km | ,Benzin | ,"1600 cm3, ","Hečbek, ","70kW (95KS), ","Automatski menjač, "
91,Mitsubishi Pajero SPORT,6.800 €,2005. | ,285.000 km | ,Dizel | ,"2477 cm3, ","Džip/SUV, ","85kW (116KS), ","Manuelni 5 brzina, "
92,Mitsubishi Space Star ,1.750 €,2001. | ,145.000 km | ,Benzin | ,"1300 cm3, ","Limuzina, ","53kW (72KS), ","Manuelni 5 brzina, "
93,Mitsubishi Lancer 1.8did,5.990 €,2011. | ,192.000 km | ,Dizel | ,"1798 cm3, ","Limuzina, ","85kW (116KS), ","Manuelni 6 brzina, "
94,Mitsubishi Eclipse Spyder 3.0,7.900 €,2004. | ,120.000 km | ,Benzin | ,"3000 cm3, ","Kabriolet/Roadster, ","162kW (220KS), ","Automatski menjač, "
95,Mitsubishi Pajero montero,1.500 €,2003. | ,83.500 km | ,Benzin + Gas (TNG) | ,"2998 cm3, ","Džip/SUV, ","110kW (150KS), ","Automatski menjač, "
96,Mitsubishi Carisma ,1.450 €,2000. | ,300.000 km | ,Dizel | ,"1870 cm3, ","Limuzina, ","66kW (90KS), ","Manuelni 5 brzina, "
97,Mitsubishi Colt ,2.500 €,2004. | ,126.000 km | ,Benzin | ,"1124 cm3, ","Monovolumen (MiniVan), ","55kW (75KS), ","Manuelni 5 brzina, "
98,Mitsubishi Pajero Gls,4.300 €,1996. | ,176.000 km | ,Dizel | ,"2800 cm3, ","Džip/SUV, ","85kW (116KS), ","Automatski menjač, "
99,Mitsubishi Colt 1.3,1.200 €,2003. | ,250.000 km | ,Benzin | ,"1300 cm3, ","Hečbek, ","72kW (98KS), ","Manuelni 5 brzina, "
100,Mitsubishi Colt 1.5DI-D lanac,3.100 €,2009. | ,195.000 km | ,Dizel | ,"1493 cm3, ","Monovolumen (MiniVan), ","70kW (95KS), ","Manuelni 5 brzina, "
101,Mitsubishi Cordia ,250 €,1988. | ,10.000 km | ,Benzin | ,"1600 cm3, ","Hečbek, ","50kW (68KS), ","Manuelni 5 brzina, "
102,Mitsubishi Sigma ,Po dogovoru,1995. | ,1.234.000 km | ,Benzin | ,"2996 cm3, ","Limuzina, ","151kW (205KS), ","Automatski menjač, "
103,Mitsubishi Outlander 2.0 DOHC,3.500 €,2006. | ,214.485 km | ,Benzin + Gas (TNG) | ,"1997 cm3, ","Džip/SUV, ","100kW (136KS), ","Manuelni 5 brzina, "
104,Mitsubishi ASX 1.6 CH,9.300 €,2011. | ,155.000 km | ,Benzin + Gas (TNG) | ,"1590 cm3, ","Džip/SUV, ","86kW (117KS), ","Manuelni 5 brzina, "
105,Mitsubishi Outlander CH,6.400 €,2007. | ,160.000 km | ,Dizel | ,"1996 cm3, ","Džip/SUV, ","103kW (140KS), ","Manuelni 6 brzina, "
106,Mitsubishi Outlander 2.4 MIVEC 4WD,3.500 €,2005. | ,200.000 km | ,Benzin + Gas (TNG) | ,"2378 cm3, ","Džip/SUV, ","118kW (160KS), ","Automatski menjač, "
107,Mitsubishi Pajero ,3.000 €,1997. | ,144.000 km | ,Dizel | ,"2800 cm3, ","Džip/SUV, ","74kW (101KS), ","Manuelni 5 brzina, "
108,Mitsubishi Space Star DID,1.299 €,2002. | ,223.000 km | ,Dizel | ,"1900 cm3, ","Monovolumen (MiniVan), ","75kW (102KS), ","Manuelni 5 brzina, "
109,Mitsubishi ASX 1.8d,11.850 €,2015. | ,101.000 km | ,Dizel | ,"1790 cm3, ","Džip/SUV, ","85kW (116KS), ","Manuelni 6 brzina, "
110,Mitsubishi Eclipse 1.5 Invite plus CVT,N/A,N/A,N/A,N/A,N/A,N/A,N/A,N/A
111,Mitsubishi Outlander 2.2 Di-D INSTYLE 4x4,N/A,N/A,N/A,N/A,N/A,N/A,N/A,N/A
112,Mitsubishi Carisma DID,1.500 €,2001. | ,245.000 km | ,Dizel | ,"1890 cm3, ","Limuzina, ","75kW (102KS), ","Manuelni 5 brzina, "
113,Mitsubishi Carisma 1.6/gaas/tek reeg,1.690 €,2001. | ,232.000 km | ,Benzin + Gas (TNG) | ,"1598 cm3, ","Hečbek, ","74kW (101KS), ","Manuelni 5 brzina, "
114,Mitsubishi Lancer 1.5 GLX,220 €,1991. | ,330.000 km | ,Benzin + Gas (TNG) | ,"1471 cm3, ","Limuzina, ","66kW (90KS), ","Manuelni 5 brzina, "
115,Mitsubishi Pajero did,2.300 €,2001. | ,264.000 km | ,Dizel | ,"3200 cm3, ","Džip/SUV, ","117kW (159KS), ","Automatski menjač, "
116,Mitsubishi Pajero ,3.700 €,1993. | ,186.290 km | ,Dizel | ,"2477 cm3, ","Džip/SUV, ","73kW (99KS), ","Manuelni 5 brzina, "
117,Mitsubishi Colt Celebration 30,3.250 €,2007. | ,185.000 km | ,Benzin | ,"1300 cm3, ","Hečbek, ","70kW (95KS), ","Manuelni 5 brzina, "
118,Mitsubishi Pajero 4x4,2.750 €,2001. | ,230.000 km | ,Benzin | ,"1968 cm3, ","Džip/SUV, ","60kW (82KS), ","Manuelni 5 brzina, "
119,Mitsubishi Pajero DiD 3.2 R.M,7.990 €,2004. | ,135.000 km | ,Dizel | ,"3200 cm3, ","Džip/SUV, ","118kW (160KS), ","Manuelni 5 brzina, "
120,Mitsubishi Montero 3.0 V6,2.700 €,1997. | ,180.000 km | ,Benzin + Gas (TNG) | ,"3000 cm3, ","Džip/SUV, ","133kW (181KS), ","Automatski menjač, "
121,Mitsubishi Outlander 2.0 DID 4x4 kuka,7.200 €,2007. | ,174.000 km | ,Dizel | ,"2000 cm3, ","Džip/SUV, ","103kW (140KS), ","Manuelni 6 brzina, "
122,Mitsubishi Lancer GLX,400 €,1990. | ,360.000 km | ,Benzin + Gas (TNG) | ,"1468 cm3, ","Limuzina, ","55kW (75KS), ","Manuelni 5 brzina, "
123,Mitsubishi ASX 1.6 b,8.300 €,2012. | ,110.000 km | ,Benzin | ,"1600 cm3, ","Džip/SUV, ","86kW (117KS), ","Manuelni 5 brzina, "
124,Mitsubishi Outlander 1.9 DID,6.300 €,2007. | ,183.528 km | ,Dizel | ,"1968 cm3, ","Džip/SUV, ","103kW (140KS), ","Manuelni 5 brzina, "
125,Mitsubishi Outlander 2.0 D  4 X 4 7 MESTA,5.599 €,2007. | ,226.679 km | ,Dizel | ,"1968 cm3, ","Džip/SUV, ","103kW (140KS), ","Manuelni 6 brzina, "
126,Mitsubishi Grandis 2.0 D,3.200 €,2006. | ,288.566 km | ,Dizel | ,"1968 cm3, ","Monovolumen (MiniVan), ","100kW (136KS), ","Manuelni 5 brzina, "
127,Mitsubishi Lancer 2.0,1.900 €,2006. | ,172.263 km | ,Benzin | ,"1997 cm3, ","Karavan, ","99kW (135KS), ","Manuelni 6 brzina, "
128,Mitsubishi Colt 1.1 t.n.g nov sport,3.450 €,2008. | ,120.412 km | ,Benzin + Gas (TNG) | ,"1124 cm3, ","Hečbek, ","55kW (75KS), ","Manuelni 5 brzina, "
129,Mitsubishi Lancer 1.5 GLXi,1.200 €,1992. | ,125.000 km | ,Benzin | ,"1468 cm3, ","Limuzina, ","66kW (90KS), ","Manuelni 5 brzina, "
130,Mitsubishi Colt 1.3 CZ3 95 hp,1.950 €,2006. | ,183.500 km | ,Benzin | ,"1350 cm3, ","Hečbek, ","70kW (95KS), ","Manuelni 5 brzina, "
131,Mitsubishi Pajero Pinin 2.0 GDI 4X4,1.990 €,2001. | ,181.450 km | ,Benzin + Gas (TNG) | ,"1995 cm3, ","Džip/SUV, ","94kW (128KS), ","Manuelni 5 brzina, "
132,Mitsubishi Pajero 2.5 SPORT,4.200 €,2002. | ,223.000 km | ,Dizel | ,"2490 cm3, ","Džip/SUV, ","85kW (116KS), ","Manuelni 5 brzina, "
133,Mitsubishi Montero 3.0,4.200 €,2000. | ,231.520 km | ,Benzin | ,"3000 cm3, ","Džip/SUV, ","130kW (177KS), ","Automatski menjač, "
134,Mitsubishi Carisma 1.6 comfort,1.300 €,2003. | ,300.000 km | ,Benzin + Gas (TNG) | ,"1597 cm3, ","Limuzina, ","76kW (103KS), ","Manuelni 5 brzina, "
135,Mitsubishi Colt 1.5,450 €,1985. | ,230.000 km | ,Benzin + Gas (TNG) | ,"1500 cm3, ","Hečbek, ","55kW (75KS), ","Manuelni 5 brzina, "
136,Mitsubishi Colt 1.1 12V Invite,4.300 €,2010. | ,165.000 km | ,Benzin | ,"1100 cm3, ","Hečbek, ","55kW (75KS), ","Manuelni 5 brzina, "
137,Mitsubishi Outlander 2.2 Di-D INSTYLE 4x4,N/A,N/A,N/A,N/A,N/A,N/A,N/A,N/A
138,Mitsubishi ASX 1.8 DID 4x4,N/A,N/A,N/A,N/A,N/A,N/A,N/A,N/A
139,Mitsubishi Lancer 2.0 D.I.D.,5.300 €,2007. | ,190.000 km | ,Dizel | ,"1998 cm3, ","Limuzina, ","103kW (140KS), ","Manuelni 6 brzina, "
140,Mitsubishi Carisma GL,1.200 €,1998. | ,330.000 km | ,Benzin + Gas (TNG) | ,"1597 cm3, ","Limuzina, ","66kW (90KS), ","Manuelni 5 brzina, "
141,"Mitsubishi Space Star Clima R,Org,km.",1.299 €,2002. | ,202.564 km | ,Dizel | ,"1870 cm3, ","Monovolumen (MiniVan), ","75kW (102KS), ","Manuelni 5 brzina, "
142,Mitsubishi Pajero 3.2 DI-D,7.300 €,2004. | ,210.000 km | ,Dizel | ,"3200 cm3, ","Džip/SUV, ","118kW (160KS), ","Automatski menjač, "
143,Mitsubishi Lancer 2.0 DID,5.800 €,2009. | ,220.000 km | ,Dizel | ,"1968 cm3, ","Limuzina, ","103kW (140KS), ","Manuelni 6 brzina, "
144,Mitsubishi Grandis 2.0tdi wv,3.900 €,2007. | ,180.000 km | ,Dizel | ,"1998 cm3, ","Monovolumen (MiniVan), ","102kW (139KS), ","Manuelni 6 brzina, "
145,Mitsubishi Outlander 2.0 DIZ,7.500 €,2009. | ,158.886 km | ,Dizel | ,"1968 cm3, ","Džip/SUV, ","103kW (140KS), ","Manuelni 5 brzina, "
146,Mitsubishi Space Star DID,1.590 €,2004. | ,212.000 km | ,Dizel | ,"1896 cm3, ","Monovolumen (MiniVan), ","74kW (101KS), ","Manuelni 5 brzina, "
147,Mitsubishi Pajero montero,3.999 €,2003. | ,170.000 km | ,Benzin + Gas (TNG) | ,"3490 cm3, ","Džip/SUV, ","147kW (200KS), ","Automatski menjač, "
148,Mitsubishi Carisma 1.9 DID,1.890 €,2004. | ,230.000 km | ,Dizel | ,"1870 cm3, ","Hečbek, ","75kW (102KS), ","Manuelni 5 brzina, "
149,Mitsubishi Carisma 25year aniversary,1.550 €,2003. | ,274.500 km | ,Dizel | ,"1870 cm3, ","Hečbek, ","75kW (102KS), ","Manuelni 5 brzina, "
150,Mitsubishi Pajero ,Po dogovoru,2002. | ,187.800 km | ,Dizel | ,"2477 cm3, ","Džip/SUV, ","85kW (116KS), ","Manuelni 5 brzina, "
151,Mitsubishi Space Star 1.9 DI-D,1.700 €,2001. | ,291.477 km | ,Dizel | ,"1870 cm3, ","Monovolumen (MiniVan), ","75kW (102KS), ","Manuelni 5 brzina, "
152,Mitsubishi Outlander ,10.999 €,2011. | ,205.000 km | ,Dizel | ,"2179 cm3, ","Džip/SUV, ","115kW (156KS), ","Manuelni 6 brzina, "
153,Mitsubishi L300 2.0,900 €,1987. | ,231.000 km | ,Benzin | ,"1989 cm3, ","Monovolumen (MiniVan), ","55kW (75KS), ","Manuelni 5 brzina, "
154,Mitsubishi L200 ,5.700 €,1997. | ,235.698 km | ,Dizel | ,"2500 cm3, ","Džip/SUV, ","73kW (99KS), ","Manuelni 5 brzina, "
155,Mitsubishi Pajero ,2.000 €,1987. | ,199.000 km | ,Dizel | ,"2800 cm3, ","Džip/SUV, ","66kW (90KS), ","Manuelni 5 brzina, "
156,Mitsubishi Carisma 1.9 DID,1.599 €,2001. | ,247.201 km | ,Dizel | ,"1873 cm3, ","Limuzina, ","75kW (102KS), ","Manuelni 5 brzina, "
157,Mitsubishi Carisma ,1.500 €,2003. | ,170.000 km | ,Dizel | ,"1870 cm3, ","Hečbek, ","75kW (102KS), ","Manuelni 5 brzina, "
158,Mitsubishi Pajero 3.2 DI D,10.500 €,2009. | ,208.754 km | ,Dizel | ,"3200 cm3, ","Džip/SUV, ","135kW (184KS), ","Automatski menjač, "
159,Mitsubishi Carisma 1.8GDI,1.650 €,2002. | ,211.456 km | ,Benzin | ,"1797 cm3, ","Hečbek, ","95kW (129KS), ","Manuelni 5 brzina, "
160,Mitsubishi L200 2.5,4.350 €,1998. | ,205.000 km | ,Dizel | ,"2500 cm3, ","Pickup, ","88kW (120KS), ","Manuelni 5 brzina, "
161,Mitsubishi L200 ,6.500 €,2002. | ,200.000 km | ,Dizel | ,"2489 cm3, ","Džip/SUV, ","88kW (120KS), ","Manuelni 5 brzina, "
162,Mitsubishi Outlander 2.0PHEV HYBRID,15.600 €,2014. | ,188.800 km | ,Hibridni pogon | ,"1980 cm3, ","Džip/SUV, ","89kW (121KS), ","Automatski menjač, "
163,"Mitsubishi Pajero Pinin 2,0",5.000 €,2000. | ,152.400 km | ,Benzin | ,"1890 cm3, ","Džip/SUV, ","95kW (129KS), ","Manuelni 5 brzina, "
164,Mitsubishi Eclipse 1.5 Invite plus CVT,N/A,N/A,N/A,N/A,N/A,N/A,N/A,N/A
165,Mitsubishi Outlander 2.2 Di-D INSTYLE 4x4,N/A,N/A,N/A,N/A,N/A,N/A,N/A,N/A
166,Mitsubishi Lancer 1.5 GIXI,590 €,1992. | ,190.200 km | ,Benzin | ,"1468 cm3, ","Limuzina, ","66kW (90KS), ","Manuelni 5 brzina, "
167,Mitsubishi Outlander Svajcarska,11.999 €,2014. | ,185.900 km | ,Dizel | ,"2189 cm3, ","Džip/SUV, ","110kW (150KS), ","Automatski menjač, "
168,Mitsubishi Carisma 1.6,850 €,1998. | ,375.000 km | ,Benzin + Gas (TNG) | ,"1598 cm3, ","Limuzina, ","75kW (102KS), ","Manuelni 5 brzina, "
169,Mitsubishi Pajero Sport 2.5 TD GLX,4.300 €,2003. | ,10.000 km | ,Dizel | ,"2500 cm3, ","Džip/SUV, ","85kW (116KS), ","Manuelni 5 brzina, "
170,Mitsubishi Lancer 1.6,6.350 €,2013. | ,96.362 km | ,Benzin | ,"1599 cm3, ","Hečbek, ","86kW (117KS), ","Manuelni 5 brzina, "
171,Mitsubishi Outlander cw,7.000 €,2007. | ,170.000 km | ,Dizel | ,"2499 cm3, ","Džip/SUV, ","103kW (140KS), ","Manuelni 6 brzina, "
172,Mitsubishi Space Star 1.9 DID,1.100 €,2000. | ,335.000 km | ,Dizel | ,"1870 cm3, ","Monovolumen (MiniVan), ","75kW (102KS), ","Manuelni 5 brzina, "
173,Mitsubishi Lancer glx,300 €,1990. | ,312.000 km | ,Benzin + Gas (TNG) | ,"1468 cm3, ","Limuzina, ","64kW (87KS), ","Manuelni 5 brzina, "
174,Mitsubishi Lancer 1.6 INVITE,7.800 €,2011. | ,111.581 km | ,Benzin | ,"1590 cm3, ","Hečbek, ","88kW (120KS), ","Manuelni 5 brzina, "
175,Mitsubishi ASX 1.8 DiD 4 WD,7.800 €,2011. | ,152.000 km | ,Dizel | ,"1800 cm3, ","Džip/SUV, ","110kW (150KS), ","Manuelni 6 brzina, "
176,Mitsubishi Colt A U T O M A T I K,3.650 €,2008. | ,102.500 km | ,Benzin | ,"1499 cm3, ","Hečbek, ","80kW (109KS), ","Automatski menjač, "
177,Mitsubishi Pajero 3.2 DiD,6.999 €,2002. | ,200.000 km | ,Dizel | ,"3200 cm3, ","Džip/SUV, ","118kW (160KS), ","Manuelni 5 brzina, "
178,Mitsubishi Lancer 2.0 Did,6.500 €,2011. | ,101.500 km | ,Dizel | ,"1968 cm3, ","Limuzina, ","103kW (140KS), ","Manuelni 6 brzina, "
179,Mitsubishi Pajero 2.8 GLS,2.800 €,1997. | ,280.000 km | ,Dizel | ,"2800 cm3, ","Džip/SUV, ","95kW (129KS), ","Manuelni 5 brzina, "
180,Mitsubishi L200 2.5 did,10.500 €,2008. | ,231.000 km | ,Dizel | ,"2500 cm3, ","Pickup, ","99kW (135KS), ","Automatski menjač, "
181,Mitsubishi Space Star 1.6,1.750 €,2001. | ,320.134 km | ,Benzin | ,"1584 cm3, ","Karavan, ","72kW (98KS), ","Manuelni 5 brzina, "
182,Mitsubishi Colt 1.5 d,2.990 €,2008. | ,152.000 km | ,Dizel | ,"1493 cm3, ","Hečbek, ","70kW (95KS), ","Manuelni 5 brzina, "
183,Mitsubishi Pajero 3.2 did,5.800 €,2007. | ,230.000 km | ,Dizel | ,"3200 cm3, ","Džip/SUV, ","118kW (160KS), ","Manuelni 5 brzina, "
184,Mitsubishi Space Wagon GDI,450 €,2000. | ,200.000 km | ,Benzin | ,"2400 cm3, ","Monovolumen (MiniVan), ","110kW (150KS), ","Automatski menjač, "
185,Mitsubishi Space Star ,1.500 €,2001. | ,19.800 km | ,Benzin | ,"1300 cm3, ","Monovolumen (MiniVan), ","60kW (82KS), ","Manuelni 5 brzina, "
186,Mitsubishi Pajero Pinin ,3.300 €,2003. | ,157.000 km | ,Benzin | ,"1800 cm3, ","Džip/SUV, ","84kW (114KS), ","Manuelni 5 brzina, "
187,Mitsubishi Pajero SPORT,Po dogovoru,2003. | ,220.000 km | ,Dizel | ,"2477 cm3, ","Džip/SUV, ","98kW (133KS), ","Manuelni 5 brzina, "
188,Mitsubishi Outlander 2.0 DID rest. CH,8.700 €,2010. | ,164.000 km | ,Dizel | ,"1998 cm3, ","Džip/SUV, ","103kW (140KS), ","Manuelni 6 brzina, "
189,Mitsubishi Pajero ,1.800 €,2001. | ,167.000 km | ,Benzin | ,"3500 cm3, ","Džip/SUV, ","166kW (226KS), ","Automatski menjač, "
190,Mitsubishi Outlander 2.2 DI D 4WD,11.500 €,2015. | ,122.000 km | ,Dizel | ,"2268 cm3, ","Džip/SUV, ","110kW (150KS), ","Manuelni 6 brzina, "
191,Mitsubishi ASX 1.8 DID 4x4,N/A,N/A,N/A,N/A,N/A,N/A,N/A,N/A
192,Mitsubishi Eclipse 1.5 Invite plus CVT,N/A,N/A,N/A,N/A,N/A,N/A,N/A,N/A
193,Mitsubishi Pajero 32,5.999 €,2004. | ,184.000 km | ,Dizel | ,"3200 cm3, ","Džip/SUV, ","118kW (160KS), ","Automatski menjač, "
194,Mitsubishi Pajero Pinin 1.8metan,4.200 €,2002. | ,249.971 km | ,Metan CNG | ,"1800 cm3, ","Džip/SUV, ","84kW (114KS), ","Manuelni 5 brzina, "
195,Mitsubishi Grandis 2.0 TDI CHROM,3.199 €,2006. | ,195.429 km | ,Dizel | ,"1986 cm3, ","Monovolumen (MiniVan), ","100kW (136KS), ","Manuelni 6 brzina, "
196,Mitsubishi Lancer 1.5 GLX,750 €,1991. | ,236.000 km | ,Benzin | ,"1458 cm3, ","Limuzina, ","61kW (83KS), ","Manuelni 5 brzina, "
197,Mitsubishi Pajero ,3.500 €,1993. | ,234.050 km | ,Dizel | ,"2477 cm3, ","Džip/SUV, ","77kW (105KS), ","Manuelni 5 brzina, "
198,Mitsubishi Carisma 1.8 GDI,1.650 €,2003. | ,168.000 km | ,Benzin | ,"1800 cm3, ","Hečbek, ","90kW (122KS), ","Manuelni 5 brzina, "
199,Mitsubishi Outlander ,8.000 €,2007. | ,174.500 km | ,Dizel | ,"1996 cm3, ","Džip/SUV, ","102kW (139KS), ","Manuelni 6 brzina, "
200,Mitsubishi Lancer ,8.000 €,2011. | ,120.000 km | ,Benzin | ,"1799 cm3, ","Limuzina, ","102kW (139KS), ","Automatski menjač, "
201,Mitsubishi Pajero sport,1.999 €,2001. | ,250.000 km | ,Dizel | ,"2500 cm3, ","Džip/SUV, ","75kW (102KS), ","Manuelni 5 brzina, "
202,Mitsubishi Grandis 2.0 did,4.500 €,2006. | ,217.000 km | ,Dizel | ,"1997 cm3, ","Monovolumen (MiniVan), ","100kW (136KS), ","Manuelni 6 brzina, "
203,"Mitsubishi Galant 2,5 V6 24V Švajcarac",790 €,2002. | ,210.000 km | ,Benzin | ,"2497 cm3, ","Limuzina, ","120kW (163KS), ","Manuelni 5 brzina, "
204,Mitsubishi L200 2.5 DI-D,13.900 €,2014. | ,106.000 km | ,Dizel | ,"2477 cm3, ","Džip/SUV, ","131kW (178KS), ","Manuelni 5 brzina, "
205,Mitsubishi Colt 1.5did,3.150 €,2006. | ,178.000 km | ,Dizel | ,"1493 cm3, ","Hečbek, ","70kW (95KS), ","Manuelni 5 brzina, "
206,Mitsubishi Pajero ,5.600 €,2004. | ,210.000 km | ,Dizel | ,"2500 cm3, ","Džip/SUV, ","85kW (116KS), ","Manuelni 5 brzina, "
207,Mitsubishi Pajero DID 3.2,6.800 €,2005. | ,271.000 km | ,Dizel | ,"3200 cm3, ","Džip/SUV, ","117kW (159KS), ","Automatski menjač, "
208,Mitsubishi Colt ,2.250 €,2005. | ,120.472 km | ,Benzin | ,"1124 cm3, ","Hečbek, ","55kW (75KS), ","Manuelni 5 brzina, "
209,Mitsubishi Pajero Pinin 2.0 GDi,Po dogovoru,2001. | ,167.100 km | ,Benzin | ,"2000 cm3, ","Džip/SUV, ","96kW (130KS), ","Automatski menjač, "
210,Mitsubishi Pajero ,5.500 €,2003. | ,226.399 km | ,Dizel | ,"2500 cm3, ","Džip/SUV, ","85kW (116KS), ","Manuelni 5 brzina, "
211,Mitsubishi Pajero Pinin 2.0 gdi reduktor,3.200 €,2002. | ,226.000 km | ,Benzin | ,"1998 cm3, ","Džip/SUV, ","95kW (129KS), ","Manuelni 5 brzina, "
212,Mitsubishi Pajero Pinin 2.0 GDI,3.900 €,2003. | ,180.000 km | ,Benzin | ,"2000 cm3, ","Džip/SUV, ","95kW (129KS), ","Manuelni 5 brzina, "
213,Mitsubishi Lancer glx i,650 €,1991. | ,264.000 km | ,Benzin + Gas (TNG) | ,"1467 cm3, ","Limuzina, ","66kW (90KS), ","Manuelni 5 brzina, "
214,Mitsubishi ASX ,8.950 €,2010. | ,122.000 km | ,Dizel | ,"1800 cm3, ","Džip/SUV, ","110kW (150KS), ","Manuelni 6 brzina, "
215,Mitsubishi Outlander Nov Nov,16.250 €,2015. | ,210.000 km | ,Hibridni pogon | ,"1998 cm3, ","Džip/SUV, ","89kW (121KS), ","Automatski menjač, "
216,Mitsubishi Outlander 2.0  tdi 4x4,6.950 €,2007. | ,200.720 km | ,Dizel | ,"1998 cm3, ","Džip/SUV, ","103kW (140KS), ","Manuelni 6 brzina, "
217,Mitsubishi Pajero Pinin 2.0 GDI,Po dogovoru,2002. | ,163.000 km | ,Benzin | ,"2000 cm3, ","Džip/SUV, ","95kW (129KS), ","Manuelni 5 brzina, "
218,Mitsubishi Outlander 2.2 Di-D INSTYLE 4x4,N/A,N/A,N/A,N/A,N/A,N/A,N/A,N/A
219,Mitsubishi Pajero 3.2 DI-D,N/A,N/A,N/A,N/A,N/A,N/A,N/A,N/A
220,Mitsubishi L300 ,Po dogovoru,1990. | ,200.000 km | ,Benzin + Gas (TNG) | ,"1600 cm3, ","Monovolumen (MiniVan), ","66kW (90KS), ","Manuelni 4 brzine, "
221,Mitsubishi Grandis 2.0 did,3.500 €,2008. | ,300.000 km | ,Dizel | ,"1998 cm3, ","Monovolumen (MiniVan), ","103kW (140KS), ","Manuelni 6 brzina, "
222,Mitsubishi Pajero Pinin P A J E R O,Po dogovoru,2003. | ,183.572 km | ,Benzin | ,"1998 cm3, ","Džip/SUV, ","95kW (129KS), ","Manuelni 5 brzina, "
223,Mitsubishi Outlander ,9.100 €,2011. | ,186.400 km | ,Dizel | ,"1980 cm3, ","Džip/SUV, ","103kW (140KS), ","Manuelni 6 brzina, "
224,Mitsubishi Pajero ,4.500 €,1998. | ,190.000 km | ,Dizel | ,"2500 cm3, ","Džip/SUV, ","85kW (116KS), ","Manuelni 5 brzina, "
225,Mitsubishi Galant ,1.500 €,2000. | ,200.000 km | ,Benzin | ,"1998 cm3, ","Limuzina, ","100kW (136KS), ","Manuelni 5 brzina, "
226,Mitsubishi Pajero ,5.999 €,1997. | ,1.000 km | ,Dizel | ,"2800 cm3, ","Džip/SUV, ","88kW (120KS), ","Manuelni 5 brzina, "
227,Mitsubishi Outlander 2.2 ditd A K C I J A,6.350 €,2007. | ,163.000 km | ,Dizel | ,"2179 cm3, ","Džip/SUV, ","115kW (156KS), ","Manuelni 6 brzina, "
228,Mitsubishi Grandis 2.0DID 7 SEDISTA,3.590 €,2006. | ,250.000 km | ,Dizel | ,"1968 cm3, ","Monovolumen (MiniVan), ","100kW (136KS), ","Manuelni 6 brzina, "
229,Mitsubishi Space Star 1.6,1.200 €,2001. | ,217.450 km | ,Benzin | ,"1595 cm3, ","Monovolumen (MiniVan), ","75kW (102KS), ","Manuelni 5 brzina, "
230,Mitsubishi Pajero 2.5 td,3.350 €,1992. | ,200.000 km | ,Dizel | ,"2489 cm3, ","Džip/SUV, ","73kW (99KS), ","Manuelni 5 brzina, "
231,Mitsubishi Grandis 2.0 D,5.000 €,2006. | ,297.000 km | ,Dizel | ,"1968 cm3, ","Monovolumen (MiniVan), ","100kW (136KS), ","Manuelni 6 brzina, "
232,Mitsubishi Pajero ,4.300 €,2003. | ,198.000 km | ,Dizel | ,"2500 cm3, ","Džip/SUV, ","85kW (116KS), ","Manuelni 5 brzina, "
233,Mitsubishi Pajero ,3.800 €,2000. | ,235.456 km | ,Dizel | ,"2498 cm3, ","Džip/SUV, ","100kW (136KS), ","Manuelni 5 brzina, "
234,Mitsubishi Space Star ,1.650 €,2004. | ,187.000 km | ,Dizel | ,"1870 cm3, ","Hečbek, ","75kW (102KS), ","Manuelni 5 brzina, "
235,Mitsubishi Space Star ,1.500 €,2001. | ,113.000 km | ,Benzin | ,"1299 cm3, ","Monovolumen (MiniVan), ","60kW (82KS), ","Manuelni 5 brzina, "
236,Mitsubishi Colt 1.1,2.005 €,2005. | ,149.000 km | ,Benzin | ,"1100 cm3, ","Hečbek, ","55kW (75KS), ","Manuelni 5 brzina, "
237,Mitsubishi Space Star ,1.300 €,2002. | ,220.000 km | ,Dizel | ,"1900 cm3, ","Limuzina, ","74kW (101KS), ","Manuelni 5 brzina, "
238,Mitsubishi Colt Jubile 35,3.250 €,2012. | ,95.000 km | ,Benzin | ,"1124 cm3, ","Hečbek, ","40kW (54KS), ","Manuelni 5 brzina, "
239,Mitsubishi Lancer 1.6,900 €,1995. | ,250.000 km | ,Benzin | ,"1600 cm3, ","Limuzina, ","80kW (109KS), ","Manuelni 5 brzina, "
240,Mitsubishi Space Star 1.6,1.590 €,2003. | ,182.242 km | ,Benzin | ,"1584 cm3, ","Monovolumen (MiniVan), ","72kW (98KS), ","Manuelni 5 brzina, "
241,Mitsubishi Colt 1.5,2.999 €,2006. | ,127.913 km | ,Benzin | ,"1499 cm3, ","Kabriolet/Roadster, ","80kW (109KS), ","Manuelni 5 brzina, "
242,Mitsubishi Pajero ,3.950 €,1995. | ,250.000 km | ,Dizel | ,"2490 cm3, ","Džip/SUV, ","84kW (114KS), ","Manuelni 5 brzina, "
243,Mitsubishi Colt ,2.990 €,2008. | ,175.000 km | ,Benzin | ,"1499 cm3, ","Kabriolet/Roadster, ","80kW (109KS), ","Manuelni 5 brzina, "
244,Mitsubishi Colt CZC,2.999 €,2009. | ,139.000 km | ,Benzin | ,"1499 cm3, ","Kabriolet/Roadster, ","80kW (109KS), ","Manuelni 5 brzina, "
245,Mitsubishi Outlander 2.2 Di-D INSTYLE 4x4,N/A,N/A,N/A,N/A,N/A,N/A,N/A,N/A
246,Mitsubishi Eclipse 1.5 Invite plus CVT,N/A,N/A,N/A,N/A,N/A,N/A,N/A,N/A
247,Mitsubishi Colt BAS DOBAR,2.900 €,2007. | ,103.000 km | ,Benzin | ,"1300 cm3, ","Hečbek, ","75kW (102KS), ","Manuelni 5 brzina, "
248,Mitsubishi Colt 1.5,3.450 €,2007. | ,105.000 km | ,Benzin | ,"1499 cm3, ","Kabriolet/Roadster, ","77kW (105KS), ","Manuelni 5 brzina, "
249,Mitsubishi Pajero 2.5tdi restaling,6.000 €,2004. | ,156.000 km | ,Dizel | ,"2498 cm3, ","Džip/SUV, ","85kW (116KS), ","Manuelni 5 brzina, "
250,Mitsubishi Pajero 2.4b Kinez,2.850 €,2005. | ,130.000 km | ,Benzin | ,"2351 cm3, ","Džip/SUV, ","92kW (125KS), ","Manuelni 5 brzina, "
251,Mitsubishi Carisma GDI,1.950 €,2003. | ,205.000 km | ,Benzin | ,"1800 cm3, ","Hečbek, ","92kW (125KS), ","Manuelni 5 brzina, "
252,Mitsubishi L200 2.5d,3.400 €,1999. | ,400.000 km | ,Dizel | ,"2500 cm3, ","Džip/SUV, ","55kW (75KS), ","Manuelni 5 brzina, "
253,Mitsubishi Pajero DID,12.000 €,2007. | ,165.000 km | ,Dizel | ,"3200 cm3, ","Džip/SUV, ","125kW (170KS), ","Manuelni 5 brzina, "
254,Mitsubishi Pajero ,3.100 €,1988. | ,180.000 km | ,Benzin + Gas (TNG) | ,"2554 cm3, ","Džip/SUV, ","76kW (103KS), ","Manuelni 5 brzina, "
255,Mitsubishi ASX 1.8 DID,9.250 €,2010. | ,146.234 km | ,Dizel | ,"1790 cm3, ","Džip/SUV, ","110kW (150KS), ","Manuelni 6 brzina, "
256,Mitsubishi Lancer 1.3,Po dogovoru,2000. | ,206.000 km | ,Benzin + Gas (TNG) | ,"1300 cm3, ","Limuzina, ","55kW (75KS), ","Manuelni 5 brzina, "
257,Mitsubishi Outlander 2.0 b,3.600 €,2003. | ,234.325 km | ,Benzin + Gas (TNG) | ,"1990 cm3, ","Džip/SUV, ","103kW (140KS), ","Manuelni 5 brzina, "
258,Mitsubishi Colt 1.5 D,2.450 €,2004. | ,181.000 km | ,Dizel | ,"1493 cm3, ","Monovolumen (MiniVan), ","70kW (95KS), ","Manuelni 5 brzina, "
259,Mitsubishi Colt ,2.400 €,2004. | ,283.557 km | ,Benzin | ,"1499 cm3, ","Hečbek, ","80kW (109KS), ","Manuelni 5 brzina, "
260,Mitsubishi Lancer 2.0 DiD,6.900 €,2010. | ,146.000 km | ,Dizel | ,"1968 cm3, ","Hečbek, ","103kW (140KS), ","Manuelni 6 brzina, "
261,Mitsubishi Lancer 2.0 DID,5.800 €,2008. | ,153.000 km | ,Dizel | ,"1968 cm3, ","Limuzina, ","103kW (140KS), ","Manuelni 6 brzina, "
262,Mitsubishi Outlander 2.2 D,9.450 €,2011. | ,204.000 km | ,Dizel | ,"2179 cm3, ","Džip/SUV, ","115kW (156KS), ","Automatski menjač, "
263,Mitsubishi Outlander CH,4.600 €,2007. | ,194.000 km | ,Benzin | ,"1997 cm3, ","Džip/SUV, ","100kW (136KS), ","Manuelni 5 brzina, "
264,Mitsubishi Grandis 2.0 TDI,3.000 €,2006. | ,197.000 km | ,Dizel | ,"2000 cm3, ","Monovolumen (MiniVan), ","97kW (132KS), ","Manuelni 6 brzina, "
265,"Mitsubishi Lancer 1,6 SPBK",6.850 €,2010. | ,123.230 km | ,Benzin | ,"1590 cm3, ","Hečbek, ","86kW (117KS), ","Manuelni 5 brzina, "
266,Mitsubishi Pajero 2.5 TDI,3.500 €,1991. | ,240.000 km | ,Dizel | ,"2489 cm3, ","Limuzina, ","74kW (101KS), ","Manuelni 5 brzina, "
267,Mitsubishi Space Star 1.0,7.300 €,2017. | ,33.500 km | ,Benzin | ,"999 cm3, ","Hečbek, ","52kW (71KS), ","Manuelni 5 brzina, "
268,"Mitsubishi L200 2,5 DHD",Po dogovoru,2011. | ,280.000 km | ,Dizel | ,"2500 cm3, ","Pickup, ","100kW (136KS), ","Manuelni 5 brzina, "
269,Mitsubishi L200 2.5D GL,3.649 €,2000. | ,251.000 km | ,Dizel | ,"2477 cm3, ","Pickup, ","55kW (75KS), ","Manuelni 5 brzina, "
270,Mitsubishi Pajero DID,3.500 €,2001. | ,230.000 km | ,Dizel | ,"3200 cm3, ","Džip/SUV, ","117kW (159KS), ","Automatski menjač, "
271,Mitsubishi Space Star T.O.P STANJE,1.870 €,2002. | ,213.550 km | ,Benzin + Gas (TNG) | ,"1300 cm3, ","Monovolumen (MiniVan), ","62kW (84KS), ","Manuelni 5 brzina, "
272,Mitsubishi Pajero 3.2 DI-D,N/A,N/A,N/A,N/A,N/A,N/A,N/A,N/A
273,Mitsubishi ASX 1.8 DID 4x4,N/A,N/A,N/A,N/A,N/A,N/A,N/A,N/A
274,Mitsubishi Lancer 1.5 INVITE EXCLUSIVE,5.499 €,2008. | ,120.000 km | ,Benzin | ,"1449 cm3, ","Limuzina, ","80kW (109KS), ","Manuelni 5 brzina, "
275,Mitsubishi Lancer glx,Po dogovoru,1996. | ,200.000 km | ,Benzin + Gas (TNG) | ,"1300 cm3, ","Limuzina, ","55kW (75KS), ","Manuelni 5 brzina, "
276,Mitsubishi Outlander 2.0,10.000 €,2011. | ,106.000 km | ,Benzin | ,"2000 cm3, ","Džip/SUV, ","100kW (136KS), ","Automatski menjač, "
277,Mitsubishi Outlander 2.2 DI-D 4WD Intense,13.500 €,2013. | ,126.000 km | ,Dizel | ,"2268 cm3, ","Džip/SUV, ","110kW (150KS), ","Automatski menjač, "
278,"Mitsubishi Pajero Pinin 2,0 GDI Premium",3.700 €,2002. | ,210.533 km | ,Benzin | ,"1999 cm3, ","Džip/SUV, ","95kW (129KS), ","Manuelni 5 brzina, "
279,Mitsubishi Colt 1.3,2.000 €,2007. | ,162.200 km | ,Benzin | ,"1332 cm3, ","Hečbek, ","70kW (95KS), ","Manuelni 5 brzina, "
280,Mitsubishi Colt ,2.990 €,2008. | ,107.500 km | ,Benzin | ,"1499 cm3, ","Kabriolet/Roadster, ","80kW (109KS), ","Manuelni 5 brzina, "
281,Mitsubishi Pajero DID,12.000 €,2007. | ,232.000 km | ,Dizel | ,"3200 cm3, ","Džip/SUV, ","125kW (170KS), ","Automatski menjač, "
282,Mitsubishi Pajero menjam za traktor,3.500 €,2000. | ,320.000 km | ,Dizel | ,"2500 cm3, ","Džip/SUV, ","73kW (99KS), ","Manuelni 5 brzina, "
283,Mitsubishi Outlander CUOW / 4X4,3.900 €,2004. | ,251.000 km | ,Benzin + Gas (TNG) | ,"1977 cm3, ","Džip/SUV, ","100kW (136KS), ","Manuelni 5 brzina, "
284,Mitsubishi Outlander 2.0TDI,7.700 €,2009. | ,236.278 km | ,Dizel | ,"1968 cm3, ","Džip/SUV, ","103kW (140KS), ","Manuelni 6 brzina, "
285,Mitsubishi Colt 1.5 CZC,2.299 €,2008. | ,110.000 km | ,Benzin | ,"1499 cm3, ","Kabriolet/Roadster, ","80kW (109KS), ","Manuelni 5 brzina, "
286,Mitsubishi Pajero sport,4.650 €,2004. | ,272.000 km | ,Dizel | ,"2500 cm3, ","Džip/SUV, ","88kW (120KS), ","Manuelni 5 brzina, "
287,Mitsubishi Pajero 2.47,2.800 €,1990. | ,200.000 km | ,Dizel | ,"2470 cm3, ","Džip/SUV, ","70kW (95KS), ","Manuelni 5 brzina, "
288,Mitsubishi Colt CZT,2.900 €,2005. | ,235.000 km | ,Benzin + Gas (TNG) | ,"1330 cm3, ","Hečbek, ","70kW (95KS), ","Manuelni 5 brzina, "
289,Mitsubishi Outlander 2.0DID,7.700 €,2008. | ,131.362 km | ,Dizel | ,"1968 cm3, ","Džip/SUV, ","103kW (140KS), ","Manuelni 5 brzina, "
290,Mitsubishi Colt CZC,3.850 €,2006. | ,144.000 km | ,Benzin | ,"1499 cm3, ","Kabriolet/Roadster, ","80kW (109KS), ","Manuelni 5 brzina, "
291,Mitsubishi Space Star CH,1.800 €,2002. | ,143.000 km | ,Benzin | ,"1834 cm3, ","Monovolumen (MiniVan), ","90kW (122KS), ","Automatski menjač, "
292,Mitsubishi Colt ,2.699 €,2006. | ,161.000 km | ,Benzin | ,"1499 cm3, ","Kabriolet/Roadster, ","80kW (109KS), ","Manuelni 5 brzina, "
293,Mitsubishi Pajero 2.5td,500 €,1989. | ,200.000 km | ,Dizel | ,"2478 cm3, ","Džip/SUV, ","73kW (99KS), ","Manuelni 5 brzina, "
294,Mitsubishi L200 2.5d jedistven,7.200 €,1999. | ,130.000 km | ,Dizel | ,"2499 cm3, ","Džip/SUV, ","66kW (90KS), ","Manuelni 5 brzina, "
295,Mitsubishi Space Star 1.3,1.600 €,2000. | ,310.000 km | ,Benzin + Gas (TNG) | ,"1300 cm3, ","Monovolumen (MiniVan), ","60kW (82KS), ","Manuelni 5 brzina, "
296,Mitsubishi Lancer CH- KAO.NOV,5.600 €,2008. | ,153.000 km | ,Dizel | ,"1990 cm3, ","Hečbek, ","103kW (140KS), ","Manuelni 6 brzina, "
297,Mitsubishi Colt ,950 €,1998. | ,282.174 km | ,Benzin | ,"1300 cm3, ","Hečbek, ","58kW (79KS), ","Manuelni 5 brzina, "
298,Mitsubishi Pajero 4x4,4.000 €,2003. | ,185.000 km | ,Benzin | ,"2000 cm3, ","Džip/SUV, ","95kW (129KS), ","Manuelni 5 brzina, "
299,Mitsubishi ASX 1.8 DID 4x4,N/A,N/A,N/A,N/A,N/A,N/A,N/A,N/A
300,Mitsubishi Eclipse 1.5 Invite plus CVT,N/A,N/A,N/A,N/A,N/A,N/A,N/A,N/A
301,Mitsubishi Galant ES,1.400 €,2001. | ,250.000 km | ,Benzin + Gas (TNG) | ,"1997 cm3, ","Limuzina, ","80kW (109KS), ","Manuelni 5 brzina, "
302,Mitsubishi Carisma 1.6,1.000 €,1997. | ,255.000 km | ,Benzin | ,"1597 cm3, ","Limuzina, ","66kW (90KS), ","Manuelni 5 brzina, "
303,Mitsubishi Outlander 4x4,12.999 €,2014. | ,280.000 km | ,Dizel | ,"2200 cm3, ","Džip/SUV, ","110kW (150KS), ","Manuelni 6 brzina, "
304,Mitsubishi Pajero sport gls,4.700 €,2003. | ,213.000 km | ,Dizel | ,"2500 cm3, ","Džip/SUV, ","85kW (116KS), ","Manuelni 5 brzina, "
305,Mitsubishi Pajero ,3.999 €,2000. | ,387.056 km | ,Dizel | ,"2835 cm3, ","Džip/SUV, ","124kW (169KS), ","Manuelni 5 brzina, "
306,Mitsubishi Space Star 1.9DID,1.150 €,2001. | ,280.000 km | ,Dizel | ,"1870 cm3, ","Limuzina, ","75kW (102KS), ","Manuelni 5 brzina, "
307,Mitsubishi Lancer ,500 €,1991. | ,240.000 km | ,Benzin | ,"1468 cm3, ","Limuzina, ","66kW (90KS), ","Manuelni 5 brzina, "
308,Mitsubishi Space Star 1.3,1.250 €,2001. | ,200.000 km | ,Benzin | ,"1300 cm3, ","Monovolumen (MiniVan), ","60kW (82KS), ","Manuelni 5 brzina, "
309,Mitsubishi Colt 1.5 CZC CABRIO,3.900 €,2008. | ,103.184 km | ,Benzin | ,"1499 cm3, ","Kabriolet/Roadster, ","80kW (109KS), ","Manuelni 5 brzina, "
310,Mitsubishi Lancer 1.8 DiD,7.700 €,2012. | ,159.000 km | ,Dizel | ,"1798 cm3, ","Hečbek, ","110kW (150KS), ","Manuelni 6 brzina, "
311,Mitsubishi Colt 1.3 GOOL,4.900 €,2012. | ,83.000 km | ,Benzin | ,"1332 cm3, ","Hečbek, ","70kW (95KS), ","Manuelni 5 brzina, "
312,Mitsubishi Colt 1.3,1.599 €,2002. | ,170.000 km | ,Benzin + Gas (TNG) | ,"1300 cm3, ","Hečbek, ","60kW (82KS), ","Manuelni 5 brzina, "
313,Mitsubishi Space Star 1.9 DI-D FAMILY,1.490 €,2002. | ,250.000 km | ,Dizel | ,"1870 cm3, ","Monovolumen (MiniVan), ","75kW (102KS), ","Manuelni 5 brzina, "
314,Mitsubishi Outlander 2.0 INTENSE CVT 4WD,14.500 €,2014. | ,121.274 km | ,Benzin | ,"1998 cm3, ","Džip/SUV, ","110kW (150KS), ","Automatski menjač, "
315,Mitsubishi Pajero teretno reg jeftina,4.900 €,2001. | ,220.000 km | ,Dizel | ,"3200 cm3, ","Džip/SUV, ","121kW (165KS), ","Automatski menjač, "
316,Mitsubishi Pajero Pinin 1.8 GDI,2.500 €,2001. | ,206.000 km | ,Benzin | ,"1834 cm3, ","Džip/SUV, ","88kW (120KS), ","Manuelni 5 brzina, "
317,Mitsubishi Space Star 1.3,750 €,2002. | ,270.000 km | ,Benzin + Gas (TNG) | ,"1300 cm3, ","Hečbek, ","62kW (84KS), ","Manuelni 5 brzina, "
318,Mitsubishi Carisma ,450 €,1999. | ,190.000 km | ,Benzin | ,"1598 cm3, ","Hečbek, ","74kW (101KS), ","Manuelni 5 brzina, "
319,Mitsubishi Outlander 2.0 tdi,5.900 €,2008. | ,185.000 km | ,Dizel | ,"1968 cm3, ","Džip/SUV, ","103kW (140KS), ","Manuelni 6 brzina, "
320,Mitsubishi Outlander ,12.900 €,2013. | ,92.000 km | ,Dizel | ,"2268 cm3, ","Džip/SUV, ","110kW (150KS), ","Manuelni 6 brzina, "
321,Mitsubishi Pajero Pinin 1.8,3.200 €,2002. | ,139.000 km | ,Benzin | ,"1830 cm3, ","Džip/SUV, ","84kW (114KS), ","Manuelni 5 brzina, "
322,Mitsubishi Space Star S.W.I.S.S.   N.O.V.,4.750 €,2013. | ,82.090 km | ,Benzin | ,"999 cm3, ","Hečbek, ","52kW (71KS), ","Manuelni 5 brzina, "
323,Mitsubishi Carisma ,1.450 €,2001. | ,270.000 km | ,Dizel | ,"1900 cm3, ","Hečbek, ","85kW (116KS), ","Manuelni 5 brzina, "
324,Mitsubishi Space Star ,1.400 €,2001. | ,230.000 km | ,Dizel | ,"1900 cm3, ","Monovolumen (MiniVan), ","75kW (102KS), ","Manuelni 5 brzina, "
325,Mitsubishi Colt ,500 €,1993. | ,301.364 km | ,Benzin + Gas (TNG) | ,"1300 cm3, ","Hečbek, ","55kW (75KS), ","Manuelni 5 brzina, "
326,Mitsubishi Pajero 3.2 DI-D,N/A,N/A,N/A,N/A,N/A,N/A,N/A,N/A
327,Mitsubishi Outlander 2.2 Di-D INSTYLE 4x4,N/A,N/A,N/A,N/A,N/A,N/A,N/A,N/A
328,Mitsubishi Outlander 2.0 did,7.499 €,2007. | ,176.000 km | ,Dizel | ,"1998 cm3, ","Džip/SUV, ","103kW (140KS), ","Manuelni 6 brzina, "
329,Mitsubishi Pajero DID,7.000 €,2004. | ,163.500 km | ,Dizel | ,"3200 cm3, ","Džip/SUV, ","118kW (160KS), ","Automatski menjač, "
330,Mitsubishi Colt ,2.500 €,2004. | ,195.000 km | ,Dizel | ,"1500 cm3, ","Monovolumen (MiniVan), ","70kW (95KS), ","Manuelni 5 brzina, "
331,Mitsubishi Pajero Pinin 2.0Gdi,3.650 €,2002. | ,178.000 km | ,Benzin | ,"1998 cm3, ","Džip/SUV, ","95kW (129KS), ","Manuelni 5 brzina, "
332,Mitsubishi Carisma ,1.600 €,2003. | ,230.000 km | ,Dizel | ,"1896 cm3, ","Limuzina, ","74kW (101KS), ","Manuelni 5 brzina, "
333,Mitsubishi Space Star ,1.550 €,2001. | ,232.000 km | ,Dizel | ,"1870 cm3, ","Monovolumen (MiniVan), ","75kW (102KS), ","Manuelni 5 brzina, "
334,Mitsubishi Carisma ,1.150 €,2001. | ,312.000 km | ,Benzin | ,"1800 cm3, ","Limuzina, ","90kW (122KS), ","Manuelni 5 brzina, "
335,"Mitsubishi Space Star 1,6",2.200 €,2002. | ,95.000 km | ,Benzin | ,"1599 cm3, ","Monovolumen (MiniVan), ","72kW (98KS), ","Manuelni 5 brzina, "
336,Mitsubishi Lancer 1.5,700 €,1991. | ,12.345 km | ,Benzin + Gas (TNG) | ,"123 cm3, ","Limuzina, ","1kW (1KS), ","Manuelni 5 brzina, "
337,Mitsubishi Colt 1.5 did,2.200 €,2005. | ,223.000 km | ,Dizel | ,"1490 cm3, ","Hečbek, ","60kW (82KS), ","Manuelni 5 brzina, "
338,Mitsubishi Pajero ,5.500 €,1994. | ,215.000 km | ,Dizel | ,"2800 cm3, ","Džip/SUV, ","95kW (129KS), ","Manuelni 5 brzina, "
339,Mitsubishi Carisma 1.9 d,1.750 €,2001. | ,230.000 km | ,Dizel | ,"1870 cm3, ","Limuzina, ","75kW (102KS), ","Manuelni 5 brzina, "
340,"Mitsubishi Pajero Pinin 2,0 GDI",3.600 €,2000. | ,218.000 km | ,Benzin | ,"2000 cm3, ","Džip/SUV, ","95kW (129KS), ","Manuelni 5 brzina, "
341,Mitsubishi Pajero Pinin ego h60w,3.500 €,2001. | ,150.000 km | ,Benzin + Gas (TNG) | ,"1999 cm3, ","Džip/SUV, ","95kW (129KS), ","Manuelni 5 brzina, "
342,Mitsubishi Outlander 2.0 TDI,6.500 €,2008. | ,246.400 km | ,Dizel | ,"1968 cm3, ","Džip/SUV, ","103kW (140KS), ","Manuelni 6 brzina, "
343,Mitsubishi Pajero ,3.500 €,2003. | ,295.000 km | ,Dizel | ,"3200 cm3, ","Džip/SUV, ","118kW (160KS), ","Automatski menjač, "
344,Mitsubishi Carisma 1.6 Mivec,900 €,1997. | ,300.000 km | ,Benzin + Gas (TNG) | ,"1600 cm3, ","Hečbek, ","66kW (90KS), ","Manuelni 5 brzina, "
345,Mitsubishi Outlander 2.0 tdi,6.499 €,2008. | ,241.739 km | ,Dizel | ,"2000 cm3, ","Džip/SUV, ","103kW (140KS), ","Manuelni 6 brzina, "
346,Mitsubishi Carisma 1.9DID,1.600 €,2001. | ,236.000 km | ,Dizel | ,"1989 cm3, ","Limuzina, ","75kW (102KS), ","Manuelni 5 brzina, "
347,Mitsubishi Space Star ,1.700 €,2004. | ,236.000 km | ,Dizel | ,"1870 cm3, ","Monovolumen (MiniVan), ","75kW (102KS), ","Manuelni 5 brzina, "
348,Mitsubishi Outlander ,3.200 €,2004. | ,186.000 km | ,Benzin + Gas (TNG) | ,"1996 cm3, ","Džip/SUV, ","100kW (136KS), ","Manuelni 5 brzina, "
349,Mitsubishi Pajero Pinin ,3.990 €,2003. | ,155.000 km | ,Benzin | ,"2000 cm3, ","Džip/SUV, ","95kW (129KS), ","Manuelni 5 brzina, "
350,Mitsubishi Lancer ,820 €,1991. | ,194.000 km | ,Benzin + Gas (TNG) | ,"1500 cm3, ","Hečbek, ","66kW (90KS), ","Manuelni 5 brzina, "
351,Mitsubishi Colt ,600 €,1997. | ,171.273 km | ,Benzin | ,"1299 cm3, ","Hečbek, ","55kW (75KS), ","Manuelni 5 brzina, "
352,Mitsubishi Galant 1.8,1.000 €,1996. | ,333.200 km | ,Benzin | ,"1796 cm3, ","Limuzina, ","85kW (116KS), ","Manuelni 5 brzina, "
353,Mitsubishi Outlander 2.2 Di-D INSTYLE 4x4,N/A,N/A,N/A,N/A,N/A,N/A,N/A,N/A
354,Mitsubishi Eclipse 1.5 Invite plus CVT,N/A,N/A,N/A,N/A,N/A,N/A,N/A,N/A
355,Mitsubishi Outlander 2.0 intense 4WD,15.000 €,2015. | ,111.000 km | ,Benzin | ,"1998 cm3, ","Džip/SUV, ","110kW (150KS), ","Automatski menjač, "
356,Mitsubishi Colt ,3.500 €,2007. | ,196.000 km | ,Benzin | ,"1332 cm3, ","Hečbek, ","70kW (95KS), ","Manuelni 5 brzina, "
357,Mitsubishi Pajero Pinin ,3.500 €,2004. | ,212.000 km | ,Benzin + Gas (TNG) | ,"1800 cm3, ","Džip/SUV, ","85kW (116KS), ","Manuelni 5 brzina, "
358,Mitsubishi Colt ,2.490 €,2006. | ,169.297 km | ,Dizel | ,"1493 cm3, ","Hečbek, ","70kW (95KS), ","Manuelni 5 brzina, "
359,Mitsubishi L200 ,6.000 €,2002. | ,210.000 km | ,Dizel | ,"2477 cm3, ","Pickup, ","85kW (116KS), ","Automatski menjač, "
360,Mitsubishi Pajero Pinin ,3.900 €,2001. | ,196.000 km | ,Benzin | ,"1999 cm3, ","Džip/SUV, ","95kW (129KS), ","Manuelni 5 brzina, "
361,Mitsubishi Space Gear 2.0,1.000 €,1997. | ,150.000 km | ,Benzin | ,"1997 cm3, ","Hečbek, ","83kW (113KS), ","Manuelni 5 brzina, "
362,Mitsubishi Pajero ,2.700 €,2001. | ,165.000 km | ,Benzin | ,"3497 cm3, ","Džip/SUV, ","150kW (204KS), ","Automatski menjač, "
363,Mitsubishi Space Star ,1.900 €,2004. | ,112.079 km | ,Benzin | ,"1834 cm3, ","Monovolumen (MiniVan), ","82kW (111KS), ","Manuelni 5 brzina, "
364,Mitsubishi Pajero 2.5 TD,900 €,1987. | ,240.000 km | ,Dizel | ,"2498 cm3, ","Džip/SUV, ","74kW (101KS), ","Manuelni 5 brzina, "
365,Mitsubishi Space Star 1.3,2.200 €,2004. | ,211.500 km | ,Benzin + Gas (TNG) | ,"1299 cm3, ","Monovolumen (MiniVan), ","60kW (82KS), ","Manuelni 5 brzina, "
366,Mitsubishi Pajero ,3.200 €,1992. | ,256.800 km | ,Dizel | ,"2500 cm3, ","Džip/SUV, ","80kW (109KS), ","Automatski menjač, "
367,Mitsubishi Carisma ,1.500 €,2001. | ,170.000 km | ,Benzin | ,"1836 cm3, ","Hečbek, ","90kW (122KS), ","Manuelni 5 brzina, "
368,Mitsubishi Outlander ,6.500 €,2007. | ,164.000 km | ,Dizel | ,"1968 cm3, ","Džip/SUV, ","103kW (140KS), ","Manuelni 6 brzina, "
369,Mitsubishi Pajero sport,7.000 €,2006. | ,185.000 km | ,Dizel | ,"2500 cm3, ","Džip/SUV, ","85kW (116KS), ","Manuelni 5 brzina, "
370,Mitsubishi Lancer 1.6 MPI,2.900 €,2004. | ,148.000 km | ,Benzin | ,"1584 cm3, ","Limuzina, ","72kW (98KS), ","Manuelni 5 brzina, "
371,Mitsubishi Colt a u t o m a t i k,2.999 €,2008. | ,158.500 km | ,Dizel | ,"1498 cm3, ","Limuzina, ","70kW (95KS), ","Automatski menjač, "
372,Mitsubishi Lancer Evolution VII,18.500 €,2002. | ,80.000 km | ,Benzin | ,"2000 cm3, ","Limuzina, ","206kW (280KS), ","Manuelni 5 brzina, "
373,"Mitsubishi Outlander 2,0 DID",6.500 €,2007. | ,157.000 km | ,Dizel | ,"1968 cm3, ","Džip/SUV, ","103kW (140KS), ","Manuelni 6 brzina, "
374,Mitsubishi Colt ,Po dogovoru,2003. | ,244.132 km | ,Benzin | ,"1299 cm3, ","Hečbek, ","60kW (82KS), ","Manuelni 5 brzina, "
375,Mitsubishi Space Star ,1.850 €,2001. | ,231.476 km | ,Benzin + Gas (TNG) | ,"1299 cm3, ","Monovolumen (MiniVan), ","60kW (82KS), ","Manuelni 5 brzina, "
376,Mitsubishi Space Star 2,1.550 €,2001. | ,220.000 km | ,Dizel | ,"1900 cm3, ","Monovolumen (MiniVan), ","75kW (102KS), ","Manuelni 5 brzina, "
377,Mitsubishi Outlander ,Po dogovoru,2005. | ,176.000 km | ,Benzin + Gas (TNG) | ,"1990 cm3, ","Džip/SUV, ","103kW (140KS), ","Manuelni 5 brzina, "
378,Mitsubishi Outlander 2.0 did BKD,6.900 €,2007. | ,179.000 km | ,Dizel | ,"1998 cm3, ","Džip/SUV, ","103kW (140KS), ","Manuelni 6 brzina, "
379,Mitsubishi Pajero 2.5 DiD,5.400 €,2002. | ,249.970 km | ,Dizel | ,"2477 cm3, ","Džip/SUV, ","85kW (116KS), ","Manuelni 5 brzina, "
380,Mitsubishi Eclipse 1.5 Invite plus CVT,N/A,N/A,N/A,N/A,N/A,N/A,N/A,N/A
381,Mitsubishi Outlander 2.2 Di-D INSTYLE 4x4,N/A,N/A,N/A,N/A,N/A,N/A,N/A,N/A
382,Mitsubishi Carisma 1.8GDi,1.200 €,1999. | ,202.154 km | ,Benzin | ,"1834 cm3, ","Limuzina, ","92kW (125KS), ","Manuelni 5 brzina, "
383,Mitsubishi Colt CZC 1.5 Nov,3.499 €,2006. | ,195.000 km | ,Benzin | ,"1499 cm3, ","Kabriolet/Roadster, ","80kW (109KS), ","Manuelni 5 brzina, "
384,Mitsubishi Space Star DID,1.300 €,2002. | ,231.000 km | ,Dizel | ,"1870 cm3, ","Monovolumen (MiniVan), ","75kW (102KS), ","Manuelni 5 brzina, "
385,Mitsubishi Grandis 2.0 D,4.500 €,2006. | ,139.810 km | ,Dizel | ,"1968 cm3, ","Monovolumen (MiniVan), ","100kW (136KS), ","Manuelni 6 brzina, "
386,Mitsubishi Outlander sport 2.0,4.000 €,2003. | ,120.000 km | ,Benzin | ,"1997 cm3, ","Džip/SUV, ","100kW (136KS), ","Manuelni 5 brzina, "
387,Mitsubishi Space Star 1.8 nije GDI,1.900 €,2003. | ,240.000 km | ,Benzin + Gas (TNG) | ,"1834 cm3, ","Karavan, ","82kW (111KS), ","Manuelni 5 brzina, "
388,Mitsubishi Outlander ,6.999 €,2009. | ,149.536 km | ,Dizel | ,"1968 cm3, ","Džip/SUV, ","103kW (140KS), ","Manuelni 6 brzina, "
389,Mitsubishi Pajero Sport,5.250 €,2002. | ,195.000 km | ,Dizel | ,"2477 cm3, ","Džip/SUV, ","85kW (116KS), ","Manuelni 5 brzina, "
390,Mitsubishi Outlander Sport 4WD,3.450 €,2003. | ,200.000 km | ,Benzin | ,"2000 cm3, ","Džip/SUV, ","100kW (136KS), ","Manuelni 5 brzina, "
391,Mitsubishi Space Star ,1.200 €,2001. | ,200.000 km | ,Benzin | ,"1300 cm3, ","Monovolumen (MiniVan), ","60kW (82KS), ","Manuelni 5 brzina, "
392,"Mitsubishi Pajero 2,5",2.400 €,1991. | ,560.000 km | ,Dizel | ,"2500 cm3, ","Džip/SUV, ","74kW (101KS), ","Manuelni 5 brzina, "
393,Mitsubishi Colt Fashion,2.450 €,2006. | ,159.000 km | ,Benzin | ,"1330 cm3, ","Monovolumen (MiniVan), ","70kW (95KS), ","Manuelni 5 brzina, "
394,Mitsubishi Colt 1.3,2.600 €,2007. | ,235.000 km | ,Benzin | ,"1333 cm3, ","Hečbek, ","70kW (95KS), ","Manuelni 5 brzina, "
395,Mitsubishi Pajero Sport,4.790 €,2004. | ,223.000 km | ,Dizel | ,"2500 cm3, ","Džip/SUV, ","85kW (116KS), ","Manuelni 5 brzina, "
396,"Mitsubishi Carisma 1,8 GDI",1.700 €,2002. | ,252.000 km | ,Benzin | ,"1834 cm3, ","Hečbek, ","92kW (125KS), ","Manuelni 6 brzina, "
397,Mitsubishi Outlander 2.0,7.000 €,2008. | ,269.312 km | ,Dizel | ,"2000 cm3, ","Džip/SUV, ","102kW (139KS), ","Manuelni 6 brzina, "
398,Mitsubishi Carisma 1.9 DID Comfort,1.950 €,2003. | ,345.000 km | ,Dizel | ,"1870 cm3, ","Hečbek, ","75kW (102KS), ","Manuelni 5 brzina, "
399,Mitsubishi Lancer ,800 €,1992. | ,243.423 km | ,Benzin + Gas (TNG) | ,"1500 cm3, ","Limuzina, ","57kW (77KS), ","Manuelni 5 brzina, "
400,Mitsubishi Pajero Pinin 2.0 GDI,3.300 €,2002. | ,186.900 km | ,Benzin | ,"1999 cm3, ","Džip/SUV, ","95kW (129KS), ","Manuelni 5 brzina, "
401,Mitsubishi Outlander 2.0 TDI,7.200 €,2007. | ,186.000 km | ,Dizel | ,"1998 cm3, ","Džip/SUV, ","103kW (140KS), ","Manuelni 6 brzina, "
402,Mitsubishi Pajero 3.2 did,17.000 €,2009. | ,135.000 km | ,Dizel | ,"3200 cm3, ","Džip/SUV, ","125kW (170KS), ","Automatski menjač, "
403,Mitsubishi Outlander 2.0 D-DI,5.590 €,2007. | ,218.500 km | ,Dizel | ,"1986 cm3, ","Džip/SUV, ","103kW (140KS), ","Manuelni 6 brzina, "
404,Mitsubishi Pajero ,1.800 €,1989. | ,200.000 km | ,Dizel | ,"2500 cm3, ","Džip/SUV, ","75kW (102KS), ","Manuelni 5 brzina, "
405,Mitsubishi Carisma 1.8,900 €,2001. | ,172.000 km | ,Benzin | ,"1785 cm3, ","Limuzina, ","66kW (90KS), ","Manuelni 5 brzina, "
406,Mitsubishi Pajero Pinin 2.0,3.400 €,2002. | ,222.000 km | ,Benzin | ,"2000 cm3, ","Džip/SUV, ","96kW (131KS), ","Manuelni 5 brzina, "
407,Mitsubishi ASX 1.8 DID 4x4,N/A,N/A,N/A,N/A,N/A,N/A,N/A,N/A
408,Mitsubishi Pajero 3.2 DI-D,N/A,N/A,N/A,N/A,N/A,N/A,N/A,N/A
409,Mitsubishi Space Star ,1.800 €,2002. | ,250.000 km | ,Dizel | ,"1900 cm3, ","Monovolumen (MiniVan), ","75kW (102KS), ","Manuelni 5 brzina, "
410,Mitsubishi Colt TURBO CABRIO SVVIS,2.750 €,2006. | ,248.000 km | ,Benzin | ,"1468 cm3, ","Kabriolet/Roadster, ","110kW (150KS), ","Manuelni 5 brzina, "
411,Mitsubishi Pajero ,3.000 €,1998. | ,317.384 km | ,Dizel | ,"2500 cm3, ","Džip/SUV, ","72kW (98KS), ","Manuelni 5 brzina, "
412,Mitsubishi Outlander sport 4wd,3.400 €,2004. | ,190.000 km | ,Benzin + Gas (TNG) | ,"1997 cm3, ","Džip/SUV, ","100kW (136KS), ","Manuelni 5 brzina, "
413,"Mitsubishi Space Star 1,8",2.250 €,2005. | ,204.000 km | ,Benzin | ,"1834 cm3, ","Limuzina, ","88kW (120KS), ","Manuelni 5 brzina, "
414,Mitsubishi Carisma silver line,1.700 €,2003. | ,189.000 km | ,Benzin | ,"1596 cm3, ","Hečbek, ","76kW (103KS), ","Manuelni 5 brzina, "
415,Mitsubishi Pajero did,4.900 €,2002. | ,280.000 km | ,Dizel | ,"3100 cm3, ","Džip/SUV, ","120kW (163KS), ","Manuelni 5 brzina, "
416,Mitsubishi Colt 1.3,1.100 €,2002. | ,220.000 km | ,Benzin | ,"1300 cm3, ","Hečbek, ","60kW (82KS), ","Manuelni 5 brzina, "
417,Mitsubishi Space Star 1.8GDI COMFORT,1.100 €,2001. | ,236.000 km | ,Benzin | ,"1834 cm3, ","Monovolumen (MiniVan), ","90kW (122KS), ","Manuelni 5 brzina, "
418,Mitsubishi Colt 1.3 glx,1.250 €,2001. | ,177.000 km | ,Benzin | ,"1299 cm3, ","Hečbek, ","60kW (82KS), ","Manuelni 5 brzina, "
419,Mitsubishi Outlander 2.4 MIVEC 4WD,4.200 €,2005. | ,176.000 km | ,Benzin + Gas (TNG) | ,"2378 cm3, ","Džip/SUV, ","118kW (160KS), ","Automatski menjač, "
420,Mitsubishi Pajero Pinin ,3.900 €,2001. | ,180.000 km | ,Benzin | ,"1999 cm3, ","Džip/SUV, ","95kW (129KS), ","Manuelni 5 brzina, "
421,Mitsubishi Pajero 2346,Po dogovoru,1986. | ,295.000 km | ,Dizel | ,"2346 cm3, ","Džip/SUV, ","46kW (62KS), ","Manuelni 6 brzina, "
422,Mitsubishi Carisma 1.9 td,1.150 €,2000. | ,223.000 km | ,Dizel | ,"1870 cm3, ","Limuzina, ","66kW (90KS), ","Manuelni 5 brzina, "
423,Mitsubishi Outlander ,6.500 €,2007. | ,265.000 km | ,Dizel | ,"1998 cm3, ","Džip/SUV, ","103kW (140KS), ","Manuelni 6 brzina, "
424,Mitsubishi Pajero SPORT GLS,4.900 €,2004. | ,240.000 km | ,Dizel | ,"2498 cm3, ","Džip/SUV, ","88kW (120KS), ","Manuelni 5 brzina, "
425,Mitsubishi Pajero 3.2DiD,Po dogovoru,2000. | ,308.489 km | ,Dizel | ,"3200 cm3, ","Džip/SUV, ","122kW (166KS), ","Automatski menjač, "
426,Mitsubishi Pajero Pinin GDI,3.390 €,2001. | ,148.000 km | ,Benzin | ,"2000 cm3, ","Džip/SUV, ","94kW (128KS), ","Manuelni 5 brzina, "
427,Mitsubishi Carisma ,1.300 €,1998. | ,218.000 km | ,Benzin | ,"1597 cm3, ","Limuzina, ","73kW (99KS), ","Manuelni 5 brzina, "
428,Mitsubishi Colt 1.2,2.350 €,2005. | ,190.000 km | ,Benzin | ,"1124 cm3, ","Hečbek, ","55kW (75KS), ","Manuelni 5 brzina, "
429,Mitsubishi Pajero S P O R T,4.100 €,2001. | ,27.342 km | ,Dizel | ,"2498 cm3, ","Džip/SUV, ","85kW (116KS), ","Manuelni 5 brzina, "
430,Mitsubishi Outlander ,7.500 €,2009. | ,179.000 km | ,Dizel | ,"1968 cm3, ","Džip/SUV, ","103kW (140KS), ","Manuelni 6 brzina, "
431,Mitsubishi Space Star 1.9 DID,1.990 €,2001. | ,318.000 km | ,Dizel | ,"1870 cm3, ","Monovolumen (MiniVan), ","75kW (102KS), ","Manuelni 5 brzina, "
432,Mitsubishi Space Star 1.8,1.400 €,2002. | ,270.110 km | ,Benzin | ,"1800 cm3, ","Limuzina, ","70kW (95KS), ","Manuelni 5 brzina, "
433,Mitsubishi Pajero 2.5,2.350 €,1987. | ,450.000 km | ,Dizel | ,"2346 cm3, ","Hečbek, ","62kW (84KS), ","Manuelni 5 brzina, "
434,Mitsubishi Pajero 3.2 DI-D,N/A,N/A,N/A,N/A,N/A,N/A,N/A,N/A
435,Mitsubishi ASX 1.8 DID 4x4,N/A,N/A,N/A,N/A,N/A,N/A,N/A,N/A
436,Mitsubishi Pajero ,4.400 €,2004. | ,190.000 km | ,Dizel | ,"2500 cm3, ","Džip/SUV, ","85kW (116KS), ","Manuelni 5 brzina, "
437,Mitsubishi Space Star ,1.990 €,2003. | ,197.000 km | ,Benzin + Gas (TNG) | ,"1300 cm3, ","Monovolumen (MiniVan), ","67kW (91KS), ","Manuelni 5 brzina, "
438,"Mitsubishi Pajero 3,5Tng",6.500 €,2003. | ,210.050 km | ,Benzin + Gas (TNG) | ,"3455 cm3, ","Džip/SUV, ","155kW (211KS), ","Automatski menjač, "
439,Mitsubishi Colt 1.1 12V Super Jubile,3.690 €,2012. | ,176.000 km | ,Benzin | ,"1124 cm3, ","Hečbek, ","55kW (75KS), ","Manuelni 5 brzina, "
440,Mitsubishi Colt 1.1 12V Super Jubile,3.750 €,2013. | ,174.000 km | ,Benzin | ,"1124 cm3, ","Hečbek, ","55kW (75KS), ","Manuelni 5 brzina, "
441,Mitsubishi Lancer ,900 €,1991. | ,212.538 km | ,Benzin + Gas (TNG) | ,"1460 cm3, ","Limuzina, ","64kW (87KS), ","Manuelni 5 brzina, "
442,Mitsubishi Outlander ,4.500 €,2005. | ,186.000 km | ,Benzin + Gas (TNG) | ,"1995 cm3, ","Džip/SUV, ","100kW (136KS), ","Manuelni 5 brzina, "
443,Mitsubishi Pajero Pinin ,3.700 €,2002. | ,262.000 km | ,Benzin + Gas (TNG) | ,"1800 cm3, ","Džip/SUV, ","84kW (114KS), ","Manuelni 5 brzina, "
444,Mitsubishi Pajero Sport,7.250 €,2006. | ,203.558 km | ,Dizel | ,"2500 cm3, ","Džip/SUV, ","86kW (117KS), ","Manuelni 5 brzina, "
445,Mitsubishi Space Star DID,1.700 €,2003. | ,201.842 km | ,Dizel | ,"1998 cm3, ","Monovolumen (MiniVan), ","81kW (110KS), ","Manuelni 5 brzina, "
